Type,ChatID,Time,Sender,Content
[群聊],17567913828@chatroom,2025-12-24 10:02:23,对方/群友,群里亲们，大家早上好！有靠谱的寄回国物品的物流推荐吗
[群聊],17567913828@chatroom,2025-12-24 11:12:07,对方/群友,@圣安东-20博 ，你家博士毕业回国了?
[群聊],17567913828@chatroom,2025-12-24 11:13:44,对方/群友,没有，是要寄回一个船浆[破涕为笑]
[群聊],17567913828@chatroom,2025-12-24 11:21:42,对方/群友,@圣安东-20博 请问你们家读什么专业的？
[群聊],17567913828@chatroom,2025-12-24 11:22:02,对方/群友,群名片信息太少了[愉快]
[群聊],17567913828@chatroom,2025-12-24 11:22:08,对方/群友,很好奇
[群聊],17567913828@chatroom,2025-12-24 11:54:18,对方/群友,她们都有这些资源
[群聊],17567913828@chatroom,2025-12-24 13:49:08,对方/群友,@Tom妈-Pembroke 23物理本硕 国际关系方向
[群聊],17567913828@chatroom,2025-12-24 13:49:16,对方/群友,@Jessica 妈-21 ch本硕  谢谢
[群聊],17567913828@chatroom,2025-12-25 23:16:37,对方/群友,[强][强][强]
[群聊],18471574862@chatroom,2025-12-26 08:46:27,我,[憨笑][憨笑]
[群聊],18471574862@chatroom,2025-12-26 08:46:36,我,仨
[群聊],18471574862@chatroom,2025-12-26 08:46:43,我,你上不上
[群聊],18471574862@chatroom,2025-12-26 08:46:48,我,上了就仨
[群聊],18471574862@chatroom,2025-12-26 08:46:51,对方/群友,要不约到2日？
[群聊],18471574862@chatroom,2025-12-26 08:47:12,我,？什么意思
[群聊],18471574862@chatroom,2025-12-26 08:47:13,对方/群友,这样1日早上可以舒服吃一顿早饭
[群聊],18471574862@chatroom,2025-12-26 08:47:18,我,哦
[群聊],18471574862@chatroom,2025-12-26 08:47:19,我,可以
[群聊],18471574862@chatroom,2025-12-26 08:47:22,我,2号吧
[群聊],18471574862@chatroom,2025-12-26 08:47:34,我,呃
[群聊],18471574862@chatroom,2025-12-26 08:47:41,我,两号明天才开放
[群聊],18471574862@chatroom,2025-12-26 08:47:43,对方/群友,1日不用太赶，去明孝岭看看，都在钟山
[群聊],18471574862@chatroom,2025-12-26 08:47:50,对方/群友,那你明天约
[群聊],18471574862@chatroom,2025-12-26 08:47:58,对方/群友,我订酒店了
[群聊],18471574862@chatroom,2025-12-26 08:48:40,我,哦
[群聊],18471574862@chatroom,2025-12-26 08:48:43,我,火车票呢
[群聊],18471574862@chatroom,2025-12-26 08:48:47,我,买了吗
[群聊],18471574862@chatroom,2025-12-26 08:48:56,对方/群友,马上买，31日下班出发？
[群聊],18471574862@chatroom,2025-12-26 08:49:01,对方/群友,3日下午回来
[群聊],18471574862@chatroom,2025-12-26 08:49:11,我,可以
[群聊],18471574862@chatroom,2025-12-26 08:49:13,我,我买？
[群聊],18471574862@chatroom,2025-12-26 08:49:22,我,算了你买
[群聊],18471574862@chatroom,2025-12-26 08:55:39,对方/群友,约一下南京博物馆，中国三大博物馆之一
[群聊],18471574862@chatroom,2025-12-26 08:56:33,我,6
[群聊],18471574862@chatroom,2025-12-26 08:57:11,我,约几号
[群聊],18471574862@chatroom,2025-12-26 08:57:13,我,@李玲玲 
[群聊],18471574862@chatroom,2025-12-26 08:57:21,对方/群友,3日吧
[群聊],18471574862@chatroom,2025-12-26 08:57:26,我,约不到
[群聊],18471574862@chatroom,2025-12-26 08:57:33,我,后天才开放
[群聊],18471574862@chatroom,2025-12-26 08:57:38,对方/群友,满了？
[群聊],18471574862@chatroom,2025-12-26 08:57:45,对方/群友,那你负责
[群聊],18471574862@chatroom,2025-12-26 08:58:08,对方/群友,要约的是 南京博物院！不是南京博物馆
[群聊],18471574862@chatroom,2025-12-26 08:58:14,我,？
[群聊],18471574862@chatroom,2025-12-26 08:58:15,我,哦
[群聊],18471574862@chatroom,2025-12-26 08:58:26,我,啊对啊
[群聊],18471574862@chatroom,2025-12-26 09:03:20,对方/群友,南京博物院约2日，
[群聊],18471574862@chatroom,2025-12-26 09:03:30,我,约不了
[群聊],18471574862@chatroom,2025-12-26 09:03:36,我,明天约
[群聊],18471574862@chatroom,2025-12-26 09:40:11,对方/群友,30日晚上捷豹音乐厅有牛津合唱团
[群聊],18471574862@chatroom,2025-12-26 11:13:03,对方/群友,南京大学 的天体物理院
[群聊],18471574862@chatroom,2025-12-26 11:13:11,对方/群友,？
[群聊],18471574862@chatroom,2025-12-26 11:13:16,我,？
[群聊],18471574862@chatroom,2025-12-26 11:13:37,对方/群友,这个有印象
[群聊],18471574862@chatroom,2025-12-26 11:13:54,对方/群友,南京大学没印象
[群聊],18471574862@chatroom,2025-12-26 11:14:06,对方/群友,2014年10月
[群聊],18471574862@chatroom,2025-12-26 14:33:40,我,帮你放到回顾公众号上去
[群聊],27835315333@chatroom,2025-12-25 21:56:46,对方/群友,祝大家圣诞快乐🌟🎄🎉
[群聊],27835315333@chatroom,2025-12-25 22:10:13,对方/群友,圣诞快乐🎄🎄  Happy Christmas[玫瑰]~
[群聊],27835315333@chatroom,2025-12-25 22:16:53,对方/群友,大家聖誕快樂
[群聊],27835315333@chatroom,2025-12-26 00:12:22,对方/群友,圣诞🧑‍🎄快乐🎄
[群聊],27835315333@chatroom,2025-12-26 00:32:13,对方/群友,圣诞快乐
[群聊],27835315333@chatroom,2025-12-26 08:39:35,对方/群友,圣诞快乐!
[群聊],27835315333@chatroom,2025-12-26 08:42:45,我,圣诞快乐🧑‍🎄🎄
[群聊],27921115811@chatroom,2025-12-25 11:14:24,对方/群友,哈喽大家，这是我们年度分论坛 AI：从教育到产业 工作组，以供大家交流~ @某 智超与@Annie 是论坛pd，大家有时间可以在群里打个招呼！
[群聊],27921115811@chatroom,2025-12-25 11:22:25,对方/群友,大家好呀！
[群聊],27921115811@chatroom,2025-12-25 14:29:03,对方/群友,大家好 很高兴和优秀的各位朋友一起共事~🥳多多交流
[群聊],43111845460@chatroom,2025-12-23 15:52:41,对方/群友,请假
[群聊],43111845460@chatroom,2025-12-23 15:52:47,对方/群友,依旧英语
[群聊],43111845460@chatroom,2025-12-23 15:52:53,对方/群友,请假有事
[群聊],43111845460@chatroom,2025-12-23 16:02:42,对方/群友,请假在寝室
[群聊],43296041156@chatroom,2025-12-23 20:46:44,对方/群友,"🏠 Dorset House Studio 转租
✨ 25㎡独立卧室/厨房/卫浴
☀️ 朝南采光好/室外景色佳

水电网全包｜24h供暖/安保/维修
自习&娱乐区｜花园/洗衣房/车库
5分钟JR/Old Road｜1分钟公交
5分钟Headington商圈

📍OX3 7FT｜即日起-2026.8.24
💰£289/周（官方/私下）"
[群聊],43296041156@chatroom,2025-12-23 21:55:25,对方/群友,10磅出一张Paddington回牛津车票，任意off-peak train，需要railcard
[群聊],4435631864@chatroom,2025-12-24 00:54:38,对方/群友,晚安
[群聊],4435631864@chatroom,2025-12-24 04:57:25,对方/群友,早
[群聊],4435631864@chatroom,2025-12-24 09:03:15,对方/群友,谁来跟我做无机化学实验[晕]
[群聊],4435631864@chatroom,2025-12-24 10:03:47,对方/群友,我闻了几辈子氨水了[晕]
[群聊],45312223632@chatroom,2025-12-23 16:56:43,对方/群友,"📢 直播预告 |【留子期末生存指南】  
🎄当圣诞遇上Final，留学生的“硬核”生存战即将打响！
⏰别慌！今晚19:00 我们为你理清思路、高效冲刺——
🔜 扫码预约，一起稳住Final"
[群聊],45312223632@chatroom,2025-12-23 19:03:38,对方/群友,"🔥留子期末备考指南直播中
😵‍💫考前焦虑，备考慌张的可以进咯！
🎁免费领取考前突击辅导课！"
[群聊],45312223632@chatroom,2025-12-23 21:08:57,对方/群友,"👉IC & UCL offer holder
👏大一大二必看！！
🙆唯寻过来人学长亲自传授硕士申请经验
✨为了梦校做了哪些准备？
✨重新来过将如何选择?"
[群聊],45312223632@chatroom,2025-12-24 17:58:31,对方/群友,"🎉通过唯寻大学同步课程辅导/考前冲刺服务的孩子们，目前都陆续顺利拿到理想成绩啦！ 

🎄圣诞Final急救包免费领活动
⏰倒计时最后1️⃣天！！！！！！！！

💓还没有报名的孩子们抓紧时间了！
📱扫描海报右下角二维码填写信息报名！"
[群聊],45312223632@chatroom,2025-12-25 18:03:10,对方/群友,"                        🍎
                     🎄🎄
                  🎄🎄🎄
  ⭐祝各位家长同学们圣诞快乐⭐"
[群聊],45332797246@chatroom,2025-12-24 17:48:21,对方/群友,谢谢 麻烦大家了！！
[群聊],45332797246@chatroom,2025-12-24 23:11:16,对方/群友,有没有人玩狼人杀
[群聊],45332797246@chatroom,2025-12-24 23:11:20,对方/群友,徐局长嘉宾局
[群聊],45332797246@chatroom,2025-12-24 23:11:36,对方/群友,有打瓦的
[群聊],45332797246@chatroom,2025-12-24 23:12:49,对方/群友,pre神秘人说是
[群聊],45332797246@chatroom,2025-12-24 23:13:11,对方/群友,我是打瓦的
[群聊],45332797246@chatroom,2025-12-24 23:13:16,对方/群友,你是？
[群聊],45332797246@chatroom,2025-12-24 23:13:27,对方/群友,我玩鸣潮
[群聊],45332797246@chatroom,2025-12-25 13:36:09,对方/群友,有无想去重返未来1999上海only的。。。。1.31.。。
[群聊],45533935497@chatroom,2025-12-23 20:45:09,对方/群友,"🏠 Dorset House Studio 转租
✨ 25㎡独立卧室/厨房/卫浴
☀️ 朝南采光好/室外景色佳

水电网全包｜24h供暖/安保/维修
自习&娱乐区｜花园/洗衣房/车库
5分钟JR/Old Road｜1分钟公交
5分钟Headington商圈

📍OX3 7FT｜即日起–2026.8.24
💰£289/周（官方/私下）"
[群聊],45793217262@chatroom,2025-12-24 08:43:52,对方/群友,"【今日推荐】MiniMax M2.1超前上线🔥

该模型在多语言编程支持方面取得重大突破，完整覆盖主流开发语言，包括Rust、Java、Golang、C++、Kotlin、Objective-C、TypeScript和JavaScript等，性能表现位居行业前列。"
[群聊],46206605205@chatroom,2025-12-25 22:19:00,对方/群友,"🎄Merry Christmas!  Offer is Coming！
🍎来许愿，明年圣诞想在哪家公司带薪过节？"
[群聊],46206605205@chatroom,2025-12-25 22:19:09,对方/群友,圣诞假期也是充电好时间，欢迎感兴趣同学来DM获取圣诞礼包 @All 
[群聊],46312892439@chatroom,2025-12-25 20:17:53,对方/群友,谁在娇喘
[群聊],46312892439@chatroom,2025-12-25 20:22:46,我,[流泪]
[群聊],46312892439@chatroom,2025-12-25 20:48:07,对方/群友,？
[群聊],46312892439@chatroom,2025-12-25 20:48:47,对方/群友,？
[群聊],46312892439@chatroom,2025-12-25 20:49:15,我,截到了我靠
[群聊],46312892439@chatroom,2025-12-25 20:49:30,对方/群友,太速度了
[群聊],46312892439@chatroom,2025-12-25 20:49:41,对方/群友,？
[群聊],46312892439@chatroom,2025-12-25 21:44:28,对方/群友,不死人快起床，魂5来送温暖了
[群聊],46312892439@chatroom,2025-12-25 21:46:13,对方/群友,前方需要双手共持
[群聊],46312892439@chatroom,2025-12-25 21:52:27,对方/群友,我有红色帽子，白色胡子，红色衣服。我会“吼吼吼”的叫，会从天上飞下来给你送礼物。我常年住在荒芜人烟的地方。我很喜欢孩子，我是谁？
[群聊],46312892439@chatroom,2025-12-25 21:59:09,对方/群友,第三个能看到吗
[群聊],46312892439@chatroom,2025-12-25 21:59:16,对方/群友,并不能
[群聊],46312892439@chatroom,2025-12-25 22:20:27,对方/群友,能送个小龙妹吗
[群聊],46312892439@chatroom,2025-12-25 22:25:59,对方/群友,坐了一百次还害怕
[群聊],46312892439@chatroom,2025-12-25 22:26:12,对方/群友,再坐一次就好了
[群聊],46312892439@chatroom,2025-12-25 23:43:20,对方/群友,开癫
[群聊],46312892439@chatroom,2025-12-26 00:10:23,对方/群友,原来你一直与我同在
[群聊],46312892439@chatroom,2025-12-26 00:30:12,对方/群友,看评论区绷不住了
[群聊],46312892439@chatroom,2025-12-26 12:18:31,对方/群友,nb真是mit吗
[群聊],46312892439@chatroom,2025-12-26 12:21:12,对方/群友,好像是的
[群聊],46312892439@chatroom,2025-12-26 12:22:42,对方/群友,可爱捏
[群聊],46312892439@chatroom,2025-12-26 12:31:10,对方/群友,大胃袋这块
[群聊],46312892439@chatroom,2025-12-26 14:01:19,对方/群友,bur
[群聊],46312892439@chatroom,2025-12-26 14:01:33,对方/群友,牛津的GPT好像就是搞不了那个年度总结
[群聊],46312892439@chatroom,2025-12-26 14:01:45,对方/群友,我换我gmail疑似就有了
[群聊],46312892439@chatroom,2025-12-26 14:08:03,我,那数据还是老牛那个吗
[群聊],46312892439@chatroom,2025-12-26 14:08:15,对方/群友,并非
[群聊],46312892439@chatroom,2025-12-26 14:08:34,对方/群友,基本是我九月前的数据
[群聊],46312892439@chatroom,2025-12-26 14:09:25,对方/群友,九月后问的有些东西有点抽象所以也不是坏事（
[群聊],46312892439@chatroom,2025-12-26 15:30:59,对方/群友,oai用户隐私一坨
[群聊],46312892439@chatroom,2025-12-26 15:31:04,对方/群友,建议买api
[群聊],46312892439@chatroom,2025-12-26 15:47:36,对方/群友,但是免费
[群聊],47513983662@chatroom,2025-12-26 10:46:57,对方/群友,做出了误差4600%的模型哦
[群聊],47513983662@chatroom,2025-12-26 10:47:02,对方/群友,什么实力
[群聊],47513983662@chatroom,2025-12-26 10:47:07,对方/群友,疑似单位换算错了
[群聊],47513983662@chatroom,2025-12-26 10:58:15,我,现在准备卸载微信
[群聊],47513983662@chatroom,2025-12-26 10:58:53,对方/群友,？
[群聊],47513983662@chatroom,2025-12-26 10:59:16,对方/群友,昨天晚上写的[强][强][强][强][强][强][强]
[群聊],47513983662@chatroom,2025-12-26 10:59:23,我,不赖
[群聊],47513983662@chatroom,2025-12-26 10:59:27,我,用gpt了吗
[群聊],47513983662@chatroom,2025-12-26 11:00:35,对方/群友,都快被我问出限额了[强][强][强][强]
[群聊],47513983662@chatroom,2025-12-26 11:06:03,对方/群友,我没招了
[群聊],47513983662@chatroom,2025-12-26 11:06:07,对方/群友,太难崩了
[群聊],47513983662@chatroom,2025-12-26 11:08:20,对方/群友,这个东西我打算直接gpt然后理解一遍
[群聊],47513983662@chatroom,2025-12-26 11:11:05,我,呃
[群聊],47513983662@chatroom,2025-12-26 11:11:11,我,没说过要做什么东西？
[群聊],47513983662@chatroom,2025-12-26 11:11:19,我,俄罗斯方块启动啊
[群聊],47513983662@chatroom,2025-12-26 11:14:42,对方/群友,就是一个小游戏
[群聊],47513983662@chatroom,2025-12-26 11:14:46,对方/群友,然后禁止贪吃蛇
[群聊],47513983662@chatroom,2025-12-26 11:16:01,对方/群友,我他妈没绷住
[群聊],47513983662@chatroom,2025-12-26 11:18:58,对方/群友,66
[群聊],47513983662@chatroom,2025-12-26 12:32:29,对方/群友,谁能超越
[群聊],47513983662@chatroom,2025-12-26 12:37:54,我,？
[群聊],47513983662@chatroom,2025-12-26 12:38:18,对方/群友,咋了
[群聊],47513983662@chatroom,2025-12-26 12:39:41,我,直接连发20人
[群聊],47513983662@chatroom,2025-12-26 12:39:42,我,[憨笑]
[群聊],47513983662@chatroom,2025-12-26 12:40:42,对方/群友,666
[群聊],47513983662@chatroom,2025-12-26 12:40:48,对方/群友,你就不会直接发在群里面吗
[群聊],47513983662@chatroom,2025-12-26 12:41:53,对方/群友,怎么只有88
[群聊],47513983662@chatroom,2025-12-26 12:41:57,对方/群友,呜呜
[群聊],47513983662@chatroom,2025-12-26 13:07:09,对方/群友,急急那如律令🤔妈咪贝贝哄😱世间万物，他皆为我所用😀手持桃木随我踏马出征😒斩尽小人还我一世安宁😡急急那如律令，妈咪贝贝哄😃临兵斗者皆阵列前行😂两仪生四象，万物化三清😎超脱余三件外不在那五行中😡
[群聊],47513983662@chatroom,2025-12-26 13:19:46,对方/群友,这到底给我刷到了多少次
[群聊],47513983662@chatroom,2025-12-26 13:25:03,对方/群友,我在娘胎里的时候😭医生看着b超里的我👀我在b超里面拿着母亲的脐带想把自己给勒鼠🐭那时候我已经得了严重的抑郁症😣从出生的那一刻🐣我拿起旁边的手术刀🗡️就想给自己改花刀🩹一岁得抑郁症🧧二岁得焦虑症㊙️三岁得双相情感障碍💞四岁得焦虑症🥴五岁得躁郁症👏六岁得躁狂症🙄七岁被校园霸凌导致住院🥕八岁再次被校园霸凌🐲九岁被老师针对🌞十岁经历原生家庭的痛💣十一岁第一次自杀未遂🎸十二岁被同事霸凌🏈十三岁陷入重度焦虑🛵这辈子都在痛苦中度过📞真的不知道自己在说什么😎我没有🫢也不敢辱骂任何人🤗
[群聊],47513983662@chatroom,2025-12-26 13:28:58,对方/群友,6
[群聊],47513983662@chatroom,2025-12-26 13:33:12,对方/群友,无敌
[群聊],47513983662@chatroom,2025-12-26 13:33:16,对方/群友,和wjt没说过话
[群聊],47513983662@chatroom,2025-12-26 13:34:28,对方/群友,我怎么都是99？
[群聊],47513983662@chatroom,2025-12-26 13:34:37,对方/群友,这个是不是只要是好友就是99了
[群聊],47513983662@chatroom,2025-12-26 13:39:05,我,不知道
[群聊],47513983662@chatroom,2025-12-26 14:09:04,对方/群友,怎么这么贵
[群聊],47513983662@chatroom,2025-12-26 14:09:33,对方/群友,罗德岛？能去🌿铃兰么
[群聊],47513983662@chatroom,2025-12-26 14:09:44,对方/群友,瘆人粥p
[群聊],47513983662@chatroom,2025-12-26 14:09:56,对方/群友,666
[群聊],47513983662@chatroom,2025-12-26 14:56:26,对方/群友,苏醒
[群聊],47513983662@chatroom,2025-12-26 14:57:08,对方/群友,[心碎][心碎][心碎][凋谢][凋谢][凋谢]
[群聊],47513983662@chatroom,2025-12-26 14:57:19,我,？
[群聊],47513983662@chatroom,2025-12-26 14:57:28,我,你他妈没关注我？
[群聊],47513983662@chatroom,2025-12-26 14:57:40,对方/群友,我关注了啊
[群聊],47513983662@chatroom,2025-12-26 14:57:52,对方/群友,小红书bug
[群聊],47513983662@chatroom,2025-12-26 14:57:55,我,？
[群聊],47513983662@chatroom,2025-12-26 14:57:59,我,神经了
[群聊],47513983662@chatroom,2025-12-26 14:58:00,我,xhs
[群聊],47513983662@chatroom,2025-12-26 14:58:35,对方/群友,？
[群聊],47513983662@chatroom,2025-12-26 14:58:44,对方/群友,6
[群聊],47513983662@chatroom,2025-12-26 14:59:50,对方/群友,你的绘画是看色图吧
[群聊],47513983662@chatroom,2025-12-26 14:59:53,对方/群友,我是真的看绘画
[群聊],47513983662@chatroom,2025-12-26 14:59:55,对方/群友,细节私信笔记数
[群聊],47513983662@chatroom,2025-12-26 15:00:00,我,无敌了
[群聊],47513983662@chatroom,2025-12-26 15:00:16,我,平均每人每天个发一条
[群聊],47513983662@chatroom,2025-12-26 15:01:38,对方/群友,实际上8月才开始发
[群聊],47513983662@chatroom,2025-12-26 15:01:42,对方/群友,没有一年
[群聊],47513983662@chatroom,2025-12-26 15:01:58,对方/群友,全是本子好吧
[群聊],47513983662@chatroom,2025-12-26 15:02:00,对方/群友,[强][强][强]
[群聊],47513983662@chatroom,2025-12-26 15:02:18,对方/群友,那咋了
[群聊],47513983662@chatroom,2025-12-26 15:02:22,对方/群友,其实是无缝衔接
[群聊],47513983662@chatroom,2025-12-26 15:04:57,对方/群友,66
[群聊],47513983662@chatroom,2025-12-26 15:05:36,对方/群友,66
[群聊],47513983662@chatroom,2025-12-26 15:07:09,我,66
[群聊],47513983662@chatroom,2025-12-26 15:07:11,对方/群友,呜呜
[群聊],47513983662@chatroom,2025-12-26 15:08:12,对方/群友,@奶奶 @妈妈 @陈子豪 
[群聊],47513983662@chatroom,2025-12-26 15:08:16,对方/群友,测测和我的
[群聊],47513983662@chatroom,2025-12-26 15:08:28,对方/群友,6
[群聊],47513983662@chatroom,2025-12-26 15:08:33,对方/群友,你倒是发个链接
[群聊],47513983662@chatroom,2025-12-26 15:08:35,对方/群友,@爸爸 
[群聊],47513983662@chatroom,2025-12-26 15:09:27,对方/群友,66666
[群聊],47513983662@chatroom,2025-12-26 15:09:31,对方/群友,分数这么低
[群聊],47513983662@chatroom,2025-12-26 15:10:04,对方/群友,何意为
[群聊],47526207179@chatroom,2025-12-23 16:57:05,对方/群友,"📢 直播预告 |【留子期末生存指南】  
🎄当圣诞遇上Final，留学生的“硬核”生存战即将打响！
⏰别慌！今晚19:00 我们为你理清思路、高效冲刺——
🔜 扫码预约，一起稳住Final"
[群聊],47526207179@chatroom,2025-12-23 19:03:37,对方/群友,"🔥留子期末备考指南直播中
😵‍💫考前焦虑，备考慌张的可以进咯！
🎁免费领取考前突击辅导课！"
[群聊],47526207179@chatroom,2025-12-23 21:08:57,对方/群友,"👉IC & UCL offer holder
👏大一大二必看！！
🙆唯寻过来人学长亲自传授硕士申请经验
✨为了梦校做了哪些准备？
✨重新来过将如何选择?"
[群聊],47526207179@chatroom,2025-12-24 17:58:54,对方/群友,"🎉通过唯寻大学同步课程辅导/考前冲刺服务的孩子们，目前都陆续顺利拿到理想成绩啦！ 

🎄圣诞Final急救包免费领活动
⏰倒计时最后1️⃣天！！！！！！！！

💓还没有报名的孩子们抓紧时间了！
📱扫描海报右下角二维码填写信息报名！"
[群聊],47526207179@chatroom,2025-12-25 18:02:58,对方/群友,"                        🍎
                     🎄🎄
                  🎄🎄🎄
  ⭐祝各位家长同学们圣诞快乐⭐"
[群聊],47549896345@chatroom,2025-12-25 17:22:01,我,不赖
[群聊],47549896345@chatroom,2025-12-25 17:22:04,我,社恐了
[群聊],47549896345@chatroom,2025-12-25 17:22:06,我,不敢说话了
[群聊],47549896345@chatroom,2025-12-25 17:22:42,我,cyk在干嘛
[群聊],47549896345@chatroom,2025-12-25 17:22:44,我,@想要 
[群聊],47549896345@chatroom,2025-12-25 17:23:09,我,你复你妈妈呢
[群聊],47549896345@chatroom,2025-12-25 17:23:15,我,肯定在miss
[群聊],47549896345@chatroom,2025-12-25 17:23:25,我,不信
[群聊],47549896345@chatroom,2025-12-25 17:23:27,我,还有91
[群聊],47549896345@chatroom,2025-12-25 17:23:59,我,里面富人多吗
[群聊],47549896345@chatroom,2025-12-25 17:24:34,对方/群友,多
[群聊],47549896345@chatroom,2025-12-25 17:24:42,我,认识一下
[群聊],47549896345@chatroom,2025-12-25 17:24:46,我,香草富婆
[群聊],47549896345@chatroom,2025-12-25 17:24:53,对方/群友,[捂脸]
[群聊],47549896345@chatroom,2025-12-25 17:25:14,我,不让？
[群聊],47549896345@chatroom,2025-12-25 17:26:52,我,自律傻了
[群聊],47549896345@chatroom,2025-12-25 17:27:52,我,？
[群聊],47549896345@chatroom,2025-12-25 17:27:55,我,怎么不说话
[群聊],47549896345@chatroom,2025-12-25 17:28:50,我,招
[群聊],47549896345@chatroom,2025-12-25 17:28:51,我,对啊
[群聊],47549896345@chatroom,2025-12-25 17:29:04,我,呃
[群聊],47549896345@chatroom,2025-12-25 17:30:34,我,呵
[群聊],47549896345@chatroom,2025-12-25 17:30:35,我,fw
[群聊],47549896345@chatroom,2025-12-25 17:30:38,我,看看宿舍
[群聊],47549896345@chatroom,2025-12-25 17:31:07,我,不信
[群聊],47549896345@chatroom,2025-12-25 17:43:27,我,吗的
[群聊],47549896345@chatroom,2025-12-25 17:43:30,我,想拉屎
[群聊],47549896345@chatroom,2025-12-25 17:43:31,我,怎么办
[群聊],47549896345@chatroom,2025-12-25 17:43:43,我,？
[群聊],47549896345@chatroom,2025-12-25 17:43:45,我,太危险了
[群聊],47549896345@chatroom,2025-12-25 17:43:47,我,恶心了
[群聊],47549896345@chatroom,2025-12-25 17:43:53,我,冒头了
[群聊],47549896345@chatroom,2025-12-25 17:46:36,对方/群友,？
[群聊],47549896345@chatroom,2025-12-25 17:46:39,对方/群友,大徐好恶心
[群聊],47549896345@chatroom,2025-12-25 18:00:02,对方/群友,[疑问]
[群聊],47549896345@chatroom,2025-12-25 19:59:09,对方/群友,[强]
[群聊],47549896345@chatroom,2025-12-25 20:00:16,对方/群友,大胆地记录生活
[群聊],47780123212@chatroom,2025-12-23 16:09:24,对方/群友,小黄人那个看看能不能挪出倍轻松？前面3个OK
[群聊],47780123212@chatroom,2025-12-23 16:18:28,我,ok
[群聊],47780123212@chatroom,2025-12-23 17:01:15,对方/群友,我和 @金田-JTST 说了湖南视频如何剪辑
[群聊],47780123212@chatroom,2025-12-23 17:01:27,对方/群友,@一白 这样你后续排版即可，回顾我快写完了，争取明天给你
[群聊],47780123212@chatroom,2025-12-23 17:05:06,对方/群友,好的
[群聊],47780123212@chatroom,2025-12-24 10:40:43,对方/群友,@一白 回顾稿好了
[群聊],47780123212@chatroom,2025-12-24 10:40:51,对方/群友,@金田-JTST 视频剪辑可以参考下
[群聊],47780123212@chatroom,2025-12-24 10:41:39,对方/群友,周五推送，但最晚请于周五中午完成，预留时间修改
[群聊],47780123212@chatroom,2025-12-24 10:54:37,对方/群友,ok
[群聊],47780123212@chatroom,2025-12-24 11:00:03,我,收到
[群聊],47780123212@chatroom,2025-12-24 13:13:59,对方/群友,我从闵行回来了
[群聊],47780123212@chatroom,2025-12-24 16:35:44,对方/群友,IP新增一位老师乐敏
[群聊],47780123212@chatroom,2025-12-24 16:35:54,对方/群友,@一白 周六发一下，我内容尽快给你
[群聊],47780123212@chatroom,2025-12-24 16:36:04,对方/群友,明白
[群聊],47780123212@chatroom,2025-12-25 11:33:53,我,初稿剪好了
[群聊],47780123212@chatroom,2025-12-25 11:47:06,对方/群友,我和王同学沟通过了
[群聊],47780123212@chatroom,2025-12-25 11:47:09,对方/群友,他会修改
[群聊],47780123212@chatroom,2025-12-25 16:43:51,我,"通过网盘分享的文件：湖南移动课堂_CEO.mp4
链接: https://pan.baidu.com/s/1elKYzHrzQdhh9nTunCPyQA?pwd=emyq 提取码: emyq 
--来自百度网盘超级会员v6的分享"
[群聊],47780123212@chatroom,2025-12-25 16:43:59,我,这个是视频最终版了
[群聊],47780123212@chatroom,2025-12-25 16:50:55,对方/群友,我传视频号。 @一白  @VanJam 后续麻烦新媒体
[群聊],47780123212@chatroom,2025-12-25 16:51:23,对方/群友,OK
[群聊],47780123212@chatroom,2025-12-25 16:51:28,对方/群友,OK
[群聊],47780123212@chatroom,2025-12-25 17:01:29,对方/群友,视频号已经好了
[群聊],47780123212@chatroom,2025-12-26 09:52:33,对方/群友,@一白 明天的好了
[群聊],47780123212@chatroom,2025-12-26 09:52:41,对方/群友,麻烦今天也排版定时
[群聊],47780123212@chatroom,2025-12-26 09:55:50,对方/群友,收到
[群聊],47780123212@chatroom,2025-12-26 10:03:29,对方/群友,下周一中午哦
[群聊],47780123212@chatroom,2025-12-26 10:16:17,对方/群友,OK
[群聊],48108808770@chatroom,2025-12-25 22:19:00,对方/群友,"🎄Merry Christmas!  Offer is Coming！
🍎来许愿，明年圣诞想在哪家公司带薪过节？"
[群聊],48108808770@chatroom,2025-12-25 22:19:18,对方/群友,圣诞假期也是充电好时间，欢迎感兴趣同学来DM获取圣诞礼包@All 
[群聊],48112005649@chatroom,2025-12-24 18:04:00,对方/群友,@J  老师老师今晚出促销嘛，我现在就想用啦，配置后端功能要开会员[嘿哈][嘿哈]
[群聊],48112005649@chatroom,2025-12-24 18:31:26,对方/群友,@J 老师有月度会员的促销码嘛[可怜][可怜]
[群聊],48112005649@chatroom,2025-12-24 22:54:54,对方/群友,@所有人 年终大促双🥚特惠来了🙋 如果你也觉得YouBase独立域名等订阅专属权益很好用的话，欢迎抓住这次全年最大折扣机会进行订阅^ ^ www.youware.com
[群聊],48234608324@chatroom,2025-12-23 21:04:32,对方/群友,？
[群聊],48234608324@chatroom,2025-12-23 21:04:49,对方/群友,（恼
[群聊],48234608324@chatroom,2025-12-23 21:04:58,对方/群友,我在ins上刷到他都要吐了
[群聊],48234608324@chatroom,2025-12-23 21:09:12,对方/群友,这种人冲b站大会员最狠啦
[群聊],48234608324@chatroom,2025-12-23 21:13:17,对方/群友,还真
[群聊],48234608324@chatroom,2025-12-24 12:32:07,对方/群友,不在表白墙上表白程小川的你们有心吗！
[群聊],48234608324@chatroom,2025-12-24 12:32:56,对方/群友,现在只有一个
[群聊],48234608324@chatroom,2025-12-24 12:33:06,对方/群友,任务艰巨
[群聊],48234608324@chatroom,2025-12-24 12:33:08,对方/群友,表白小川的
[群聊],48234608324@chatroom,2025-12-24 12:33:12,对方/群友,你们加油哦
[群聊],48234608324@chatroom,2025-12-24 12:33:15,对方/群友,开始写兄弟们
[群聊],48234608324@chatroom,2025-12-24 12:33:32,对方/群友,这最后都是男同表白是吧
[群聊],48234608324@chatroom,2025-12-24 12:33:58,对方/群友,我要赞美cxc的3*2矩阵
[群聊],48234608324@chatroom,2025-12-24 12:34:00,对方/群友,嗯
[群聊],48234608324@chatroom,2025-12-24 12:34:04,对方/群友,那个表白是我表白了
[群聊],48234608324@chatroom,2025-12-24 12:34:13,对方/群友,哎要么你们还是别表白了吧
[群聊],48234608324@chatroom,2025-12-24 12:34:23,对方/群友,有人真的表白cxc
[群聊],48234608324@chatroom,2025-12-24 12:34:27,对方/群友,？
[群聊],48234608324@chatroom,2025-12-24 12:34:28,对方/群友,到时候就分不清是真心
[群聊],48234608324@chatroom,2025-12-24 12:34:32,对方/群友,还是玩梗了
[群聊],48234608324@chatroom,2025-12-24 12:40:19,对方/群友,要不要提交呢🤔
[群聊],48234608324@chatroom,2025-12-24 12:41:22,对方/群友,要
[群聊],48234608324@chatroom,2025-12-24 12:42:27,对方/群友,要
[群聊],48234608324@chatroom,2025-12-24 12:42:41,我,要
[群聊],48234608324@chatroom,2025-12-24 14:09:08,对方/群友,这个链接在哪儿
[群聊],48234608324@chatroom,2025-12-24 14:09:32,对方/群友,艹
[群聊],48234608324@chatroom,2025-12-24 15:20:42,对方/群友,求助群友们，同时跟撑小船、程笑川、cxc、aden表白算不算海王呀
[群聊],48234608324@chatroom,2025-12-24 15:50:10,对方/群友,准备冲了
[群聊],48234608324@chatroom,2025-12-24 15:56:58,对方/群友,艹走错群了
[群聊],48234608324@chatroom,2025-12-24 15:57:06,对方/群友,没事冲出来了
[群聊],48234608324@chatroom,2025-12-24 15:57:20,对方/群友,？
[群聊],48234608324@chatroom,2025-12-24 15:57:24,对方/群友,什么出来了
[群聊],48234608324@chatroom,2025-12-24 15:57:32,对方/群友,😋
[群聊],48234608324@chatroom,2025-12-24 15:58:10,对方/群友,这是你冲出来的[惊讶][惊讶][惊讶]
[群聊],48234608324@chatroom,2025-12-24 15:58:21,对方/群友,是这样的
[群聊],48234608324@chatroom,2025-12-24 15:58:25,对方/群友,量还蛮大
[群聊],48234608324@chatroom,2025-12-24 15:58:47,对方/群友,主要采用了一个比较大的比
[群聊],48234608324@chatroom,2025-12-24 15:59:08,对方/群友,（水粉比）
[群聊],48234608324@chatroom,2025-12-24 15:59:26,对方/群友,糟糕的语言
[群聊],48701003975@chatroom,2025-12-25 15:16:39,对方/群友,各位圣诞快乐呀
[群聊],48701003975@chatroom,2025-12-25 15:30:25,对方/群友,meli clis mas
[群聊],48701003975@chatroom,2025-12-25 15:31:25,对方/群友,padoru!
[群聊],48701003975@chatroom,2025-12-25 15:34:38,对方/群友,小师姐这套衣服非常圣诞啊
[群聊],48701003975@chatroom,2025-12-25 15:36:36,对方/群友,圣诞快乐朋友们
[群聊],48701003975@chatroom,2025-12-25 19:50:33,对方/群友,虽然今天是圣诞，但还有61天就是正月初八了，在此先祝你上班快乐，开工大吉
[群聊],48701003975@chatroom,2025-12-25 20:01:51,对方/群友,阿基米老师还组织圣诞活动吗
[群聊],48701003975@chatroom,2025-12-25 20:05:00,对方/群友,俺在国内遥祝大家双节快乐🎄🎆
[群聊],48701003975@chatroom,2025-12-25 20:05:56,对方/群友,原来阿基米老师回国了口牙西
[群聊],48701003975@chatroom,2025-12-25 20:23:19,对方/群友,羡慕
[群聊],48701003975@chatroom,2025-12-25 20:24:36,对方/群友,宣传部游戏
[群聊],48940592445@chatroom,2025-12-23 17:23:39,对方/群友,"找一个上海创投继任！

【公司】Bosch
【部门】RBVC
【职位】投资实习生
【时间】1.12到岗，每周3+天到岗，实习期3个月
【氛围】小组氛围好，带教人超级超级好！！
【待遇】本科/研究生很有竞争力的薪资+可申请房补
【餐食】公司食堂菜品种类齐全，附近外卖很多，内部还有小卖部、咖啡店。
【交通】淞虹路地铁站有到公司的短线班车，也有长线
【地点】博世中国上海总部 长宁区福泉北路333号
【投递邮件】fixed-term.Jimmy.FENG@cn.bosch.com
【邮件标题】岗位名称-最快到岗时间-可实习时长-姓名-学校专业
【筛选形式】初面-> 内推简历-> 导师面"
[群聊],49150113989@chatroom,2025-12-23 21:28:07,对方/群友,"🎉熊猫赢红包挑战！你能赚多少？ ！
现在邀请 1 位朋友下单，就送你  £20超大额红包 💸
今晚就能省一顿！限时福利！！！
👇 点击链接，快去邀请好友，一起开吃！
https://hungrypanda.onelink.me/2TfO/5h65f293"
[群聊],49342202206@chatroom,2025-12-24 09:09:36,对方/群友,哈
[群聊],49342202206@chatroom,2025-12-24 09:10:06,对方/群友,大家来点赞吧，让这个东西冲出光剑走向小红书
[群聊],49342202206@chatroom,2025-12-24 09:17:56,对方/群友,支持
[群聊],49342202206@chatroom,2025-12-24 09:19:09,对方/群友,谢谢支持！
[群聊],50111688422@chatroom,2025-12-23 16:56:43,对方/群友,"📢 直播预告 |【留子期末生存指南】  
🎄当圣诞遇上Final，留学生的“硬核”生存战即将打响！
⏰别慌！今晚19:00 我们为你理清思路、高效冲刺——
🔜 扫码预约，一起稳住Final"
[群聊],50111688422@chatroom,2025-12-23 19:03:55,对方/群友,"🔥留子期末备考指南直播中
😵‍💫考前焦虑，备考慌张的可以进咯！
🎁免费领取考前突击辅导课！"
[群聊],50111688422@chatroom,2025-12-23 21:08:57,对方/群友,"👉IC & UCL offer holder
👏大一大二必看！！
🙆唯寻过来人学长亲自传授硕士申请经验
✨为了梦校做了哪些准备？
✨重新来过将如何选择?"
[群聊],50111688422@chatroom,2025-12-24 17:58:30,对方/群友,"🎉通过唯寻大学同步课程辅导/考前冲刺服务的孩子们，目前都陆续顺利拿到理想成绩啦！ 

🎄圣诞Final急救包免费领活动
⏰倒计时最后1️⃣天！！！！！！！！

💓还没有报名的孩子们抓紧时间了！
📱扫描海报右下角二维码填写信息报名！"
[群聊],50111688422@chatroom,2025-12-25 18:03:10,对方/群友,"                        🍎
                     🎄🎄
                  🎄🎄🎄
  ⭐祝各位家长同学们圣诞快乐⭐"
[群聊],50387978073@chatroom,2025-12-24 10:38:11,对方/群友,支持[强]
[群聊],50464687862@chatroom,2025-12-24 09:53:01,对方/群友,对抱歉稍等定价我们再确定一下🙏
[群聊],50464687862@chatroom,2025-12-24 14:12:48,对方/群友,定价8.8磅/83rmb
[群聊],50464687862@chatroom,2025-12-24 14:13:44,对方/群友,@Wendy 把这些加上之后能麻烦再发下推文嘛 辛苦了！
[群聊],50464687862@chatroom,2025-12-24 21:11:14,对方/群友,Jiamart确定了吗
[群聊],50544975176@chatroom,2025-12-24 09:57:56,对方/群友,大家好 我们的小黑卡已经快准备发放了！感谢所有联系赞助商的各位！尤其感谢lingqi制作的小程序[玫瑰]
[群聊],50544975176@chatroom,2025-12-24 09:58:53,对方/群友,我们之后可能需要3-4名coor帮助线上分发小黑卡[玫瑰]大家如果有空的话可以🙋
[群聊],50544975176@chatroom,2025-12-24 09:59:27,对方/群友,🎄祝大家圣诞快乐🎅！
[群聊],50544975176@chatroom,2025-12-24 09:59:28,对方/群友,我可以🙋
[群聊],50544975176@chatroom,2025-12-24 09:59:37,对方/群友,我也可以！
[群聊],50544975176@chatroom,2025-12-24 09:59:51,对方/群友,🫡马哥张哥
[群聊],50544975176@chatroom,2025-12-24 10:29:07,对方/群友,圣诞快乐🤶🎄
[群聊],50544975176@chatroom,2025-12-24 11:48:48,对方/群友,圣诞快乐🎄
[群聊],50544975176@chatroom,2025-12-24 12:13:58,对方/群友,之前还有谁有报名过发小黑卡呀？请私信踢踢我感谢
[群聊],50544975176@chatroom,2025-12-24 16:47:08,对方/群友,我可以！
[群聊],50544975176@chatroom,2025-12-24 17:08:17,对方/群友,好滴好滴
[群聊],50618685363@chatroom,2025-12-25 16:00:53,对方/群友,我还以为
[群聊],50618685363@chatroom,2025-12-25 16:08:44,对方/群友,就只是牵了个手 没啥意思
[群聊],50618685363@chatroom,2025-12-25 16:12:58,对方/群友,期待后续@托福上多少分才改名呢 
[群聊],50618685363@chatroom,2025-12-25 16:13:07,对方/群友,。。
[群聊],50618685363@chatroom,2025-12-25 17:33:36,对方/群友,？
[群聊],50618685363@chatroom,2025-12-25 17:33:39,对方/群友,发啥了
[群聊],50618685363@chatroom,2025-12-25 17:33:45,对方/群友,@托福上多少分才改名呢 
[群聊],50618685363@chatroom,2025-12-25 22:50:16,对方/群友,家人们你们觉得这颗球能活下来吗[苦涩]
[群聊],50618685363@chatroom,2025-12-25 22:51:06,对方/群友,已经毁了两颗了，心死了
[群聊],50618685363@chatroom,2025-12-25 22:51:22,对方/群友,你都没有给它生的希望 却指望它不要死
[群聊],50618685363@chatroom,2025-12-25 22:51:29,对方/群友,猫好
[群聊],50618685363@chatroom,2025-12-25 22:51:32,对方/群友,人坏
[群聊],50618685363@chatroom,2025-12-25 22:51:52,对方/群友,你知道为啥猫要玩羽毛球吗
[群聊],50618685363@chatroom,2025-12-25 22:51:55,对方/群友,他已经把球叼走了
[群聊],50618685363@chatroom,2025-12-25 22:52:04,对方/群友,因为你没给猫买其他玩具
[群聊],50618685363@chatroom,2025-12-25 22:52:13,对方/群友,猫好
[群聊],50618685363@chatroom,2025-12-25 22:52:16,对方/群友,人坏
[群聊],50618685363@chatroom,2025-12-25 22:52:19,对方/群友,你猜之前的玩具都去哪里了
[群聊],50618685363@chatroom,2025-12-25 22:52:44,对方/群友,猫好
[群聊],50618685363@chatroom,2025-12-25 22:52:48,对方/群友,人坏
[群聊],50618685363@chatroom,2025-12-25 22:53:43,对方/群友,三种结局：摆在客厅一角无猫问津；被他玩坏；被他玩到某个柜子底下等着我们打扫卫生才发现
[群聊],50618685363@chatroom,2025-12-25 22:54:16,对方/群友,别骂了球已经救下来了
[群聊],50618685363@chatroom,2025-12-25 22:56:31,对方/群友,要素齐全
[群聊],50618685363@chatroom,2025-12-25 22:57:11,对方/群友,无奖竞猜：那本神秘紫色是哪个科目的
[群聊],50618685363@chatroom,2025-12-25 22:57:42,对方/群友,化学
[群聊],50618685363@chatroom,2025-12-25 22:58:07,对方/群友,紫色是很有韵味的
[群聊],50618685363@chatroom,2025-12-25 22:58:16,对方/群友,？
[群聊],50618685363@chatroom,2025-12-25 22:58:17,对方/群友,why
[群聊],50618685363@chatroom,2025-12-25 22:58:34,对方/群友,你要数学五三做甚
[群聊],50618685363@chatroom,2025-12-25 22:59:35,对方/群友,和学妹无关哈
[群聊],50618685363@chatroom,2025-12-25 22:59:52,对方/群友,看来还没抢回来
[群聊],50618685363@chatroom,2025-12-25 23:00:00,对方/群友,我都到家了
[群聊],50618685363@chatroom,2025-12-25 23:00:03,对方/群友,[憨笑]
[群聊],50618685363@chatroom,2025-12-25 23:00:24,对方/群友,《多余的解释》
[群聊],50618685363@chatroom,2025-12-25 23:00:52,对方/群友,葛大爷
[群聊],50618685363@chatroom,2025-12-25 23:00:56,对方/群友,[旺柴]
[群聊],50618685363@chatroom,2025-12-25 23:02:27,对方/群友,学妹住宿的[憨笑]
[群聊],50618685363@chatroom,2025-12-26 00:26:42,对方/群友,她只是我的学妹
[群聊],50618685363@chatroom,2025-12-26 00:27:00,对方/群友,学妹说紫色很有韵味
[群聊],52402532015@chatroom,2025-12-26 00:56:12,对方/群友,那我应该是发错了 有新作业的 我人在外面没有电脑 周日发你哈
[群聊],52402532015@chatroom,2025-12-26 00:56:49,对方/群友,这两天先做一套真题，当作模考巩固复习所有知识点吧，等会发你
[群聊],52402532015@chatroom,2025-12-26 01:00:48,对方/群友,好
[群聊],52402532015@chatroom,2025-12-26 01:22:27,对方/群友,数学改的
[群聊],52402532015@chatroom,2025-12-26 01:22:51,对方/群友,然后最后一题我用的几何方法做的
[群聊],52402532015@chatroom,2025-12-26 13:57:05,对方/群友,订正
[群聊],52402532015@chatroom,2025-12-26 13:57:15,我,okok
[群聊],52590837320@chatroom,2025-12-23 23:41:54,对方/群友,怎么回复
[群聊],52590837320@chatroom,2025-12-24 17:44:41,对方/群友,hii各位朋友同学们有空的话可以麻烦帮忙花几分钟时间做一下这个EPQ相关的问卷吗！后续需要10位左右的同学来进行Interview 如果有兴趣可以扫描二维码添加beverly的微信！采访后可以获得一杯奶茶 采访形式线上线下都可以的！谢谢你们！感恩的心！[爱心][爱心]
[群聊],52592252182@chatroom,2025-12-24 00:06:34,对方/群友,明天下午下班吃不吃蛋糕
[群聊],52592252182@chatroom,2025-12-24 00:07:07,对方/群友,忘了给你说，小王明天不上班
[群聊],52592252182@chatroom,2025-12-26 13:39:03,对方/群友,@金田-JTST 等byh回来咱俩去426开会
[群聊],52592252182@chatroom,2025-12-26 13:39:08,对方/群友,[加油]
[群聊],52592252182@chatroom,2025-12-26 13:39:11,我,好
[群聊],52592252182@chatroom,2025-12-26 13:49:12,对方/群友,宋老师在426，咱们等会，我先在群里安排一下
[群聊],52592252182@chatroom,2025-12-26 13:49:20,对方/群友,OK
[群聊],52592252182@chatroom,2025-12-26 13:49:27,我,ok
[群聊],52592252182@chatroom,2025-12-26 13:54:15,对方/群友,我一会筛选好年度盘点需要用的的课程和活动公众号， @VanJam 负责课程部分，在原来基础上再完善，我会加入新的部分，结构和之前一样。 @金田-JTST 把活动部分的公众号内容按文档形式整理，把每一期的活动通讯稿整理成简要凝练的总结，配上图，交代好事件发生的时间，尤其活动名称不要删改
[群聊],52592252182@chatroom,2025-12-26 13:55:36,我,收到
[群聊],52592252182@chatroom,2025-12-26 13:56:26,对方/群友,文字工作量比较大，所以用AI写， @VanJam 指令什么的你一会告诉他，我先去分类公众号
[群聊],52592252182@chatroom,2025-12-26 14:06:20,对方/群友,用豆包就可以 “我打算做时间线的年度盘点，用简单一两句话概括这期公众号，不要修改活动名称：公众号链接”
[群聊],52592252182@chatroom,2025-12-26 14:06:53,我,豆包可以直接读公众号链接吗
[群聊],52592252182@chatroom,2025-12-26 14:07:00,对方/群友,可以
[群聊],52592252182@chatroom,2025-12-26 14:07:01,对方/群友,哈哈哈哈哈哈哈
[群聊],52592252182@chatroom,2025-12-26 14:07:17,我,[捂脸]
[群聊],52592252182@chatroom,2025-12-26 14:07:41,我,这么搞好像闲的我的gemini不香了
[群聊],52592252182@chatroom,2025-12-26 14:34:29,对方/群友,@金田-JTST 这是活动部分
[群聊],52592252182@chatroom,2025-12-26 14:34:34,我,啊
[群聊],52592252182@chatroom,2025-12-26 14:34:41,我,已经做到九月了
[群聊],52592252182@chatroom,2025-12-26 14:34:43,我,[憨笑]
[群聊],52592252182@chatroom,2025-12-26 14:35:20,对方/群友,等会
[群聊],52592252182@chatroom,2025-12-26 14:35:23,对方/群友,等等
[群聊],52592252182@chatroom,2025-12-26 14:35:56,对方/群友,有两个私董会公众号里没有，这个之后我自己写
[群聊],52592252182@chatroom,2025-12-26 14:38:25,我,我现在的状态
[群聊],52592252182@chatroom,2025-12-26 14:39:55,对方/群友,这三个我没做
[群聊],52592252182@chatroom,2025-12-26 14:40:06,对方/群友,你做一下？ 剩下都有了
[群聊],52592252182@chatroom,2025-12-26 14:40:06,对方/群友,版式内容没问题
[群聊],52592252182@chatroom,2025-12-26 14:40:19,我,我年会做了
[群聊],52592252182@chatroom,2025-12-26 14:40:20,我,ok
[群聊],52592252182@chatroom,2025-12-26 14:40:23,我,没事问题不大
[群聊],52592252182@chatroom,2025-12-26 14:40:52,对方/群友,好好好
[群聊],52592252182@chatroom,2025-12-26 14:41:20,对方/群友,本来说3点前做完，那没事了，下班前做好发我就行，我打磨打磨
[群聊],52592252182@chatroom,2025-12-26 14:41:33,我,3点前做得完
[群聊],52592252182@chatroom,2025-12-26 14:41:35,我,[憨笑]
[群聊],52592252182@chatroom,2025-12-26 14:44:38,我,@VanJam 这是剩下那仨
[群聊],52592252182@chatroom,2025-12-26 14:44:43,我,合进去就好了
[群聊],52592252182@chatroom,2025-12-26 14:56:37,对方/群友,宋老师的实习生送你们的礼物
[群聊],52805924083@chatroom,2025-12-25 11:51:54,对方/群友,话说这玩意是真的吗
[群聊],52805924083@chatroom,2025-12-25 12:24:31,对方/群友,是真的
[群聊],52805924083@chatroom,2025-12-25 12:24:50,对方/群友,但好像上学期被卸下来了
[群聊],52805924083@chatroom,2025-12-25 12:32:21,对方/群友,好家伙
[群聊],52805924083@chatroom,2025-12-25 12:32:46,对方/群友,aden再送一个
[群聊],52805924083@chatroom,2025-12-25 12:32:50,对方/群友,以后就是
[群聊],52805924083@chatroom,2025-12-25 12:32:55,对方/群友,the goat of uni
[群聊],52805924083@chatroom,2025-12-25 12:33:00,对方/群友,aden chen
[群聊],52805924083@chatroom,2025-12-25 12:33:02,对方/群友,[强][强][强]
[群聊],52805924083@chatroom,2025-12-25 13:43:23,对方/群友,the goat of uni
[群聊],52805924083@chatroom,2025-12-25 13:43:27,对方/群友,aden chen
[群聊],52805924083@chatroom,2025-12-25 13:43:30,对方/群友,[强][强][强]
[群聊],52805924083@chatroom,2025-12-25 13:45:49,对方/群友,其实是cheng（
[群聊],52805924083@chatroom,2025-12-25 13:46:31,对方/群友,goat
[群聊],52805924083@chatroom,2025-12-25 13:46:33,对方/群友,我错了
[群聊],52805924083@chatroom,2025-12-25 13:46:34,对方/群友,对不起
[群聊],52805924083@chatroom,2025-12-25 13:46:38,对方/群友,goat
[群聊],52805924083@chatroom,2025-12-25 13:46:38,对方/群友,不该打错你的名字
[群聊],52805924083@chatroom,2025-12-25 13:46:39,对方/群友,我错了
[群聊],52805924083@chatroom,2025-12-25 13:46:41,对方/群友,对不起
[群聊],52805924083@chatroom,2025-12-25 13:46:47,对方/群友,不该打错你的名字
[群聊],52805924083@chatroom,2025-12-25 15:46:04,对方/群友,？
[群聊],52805924083@chatroom,2025-12-25 15:46:13,对方/群友,我是詹姆斯真爱粉
[群聊],54045529865@chatroom,2025-12-24 11:45:01,对方/群友,你们
[群聊],54045529865@chatroom,2025-12-24 11:45:05,对方/群友,能不能去大群里面
[群聊],54045529865@chatroom,2025-12-24 11:45:09,对方/群友,支持一下我
[群聊],54045529865@chatroom,2025-12-24 11:45:17,对方/群友,这样我们可以转发
[群聊],54045529865@chatroom,2025-12-24 16:46:48,对方/群友,嗯嗯！
[群聊],55935106373@chatroom,2025-12-23 17:33:06,对方/群友,"斯坦福上海校友会和斯坦福成长创新圈将在1月10日上午10:00举办新一期“与AI同行”系列讲座：

与  沈星平（光子芯片AI设计公司Luminescent AI的创始人和CEO ）讨论和分享AI芯片现状及技术和竞争格局
由于嘉宾在美国，时差原因每次活动是在上午10点，敬请留意。

活动线上直播进行，欢迎大家转发分享[抱拳][玫瑰]"
[群聊],55935106373@chatroom,2025-12-23 18:29:25,对方/群友,斯坦福成长创新圈12月20日“与AI同行”讲座，与Supernova Games创始人兼CEO卢琪对话片段之二，斯坦福小镇技术落地，智能NPC和个性化内容可望带来体验革新，AI 游戏将爆发！小厂如何把握机会逆袭，如何避坑，点击视频观看！
[群聊],55935106373@chatroom,2025-12-24 17:59:55,对方/群友,"斯坦福成长创新圈""与AI同行""讲座（12月20日）：与Supernova Games创始人兼CEO卢琪讨论休闲游戏领域，回顾文章已新鲜出炉！

欢迎大家点赞、评论和转发！我们下期活动再见！"
[群聊],55935106373@chatroom,2025-12-25 18:10:11,对方/群友,"斯坦福成长创新圈 | 近期活动时间和主题

线上活动：

【1】2025年12月28日（本周日）16:00-17:00
主题：AI触发科研革命 启动全民创新时代

【2】2026年1月10号
10:00-11:00 (由于嘉宾在美国，本次活动在周六上午)
主题：AI芯片群雄竞逐
技术与生态多重博弈

速戳扫描如下海报中二维码预约或报名"
[群聊],56068709061@chatroom,2025-12-24 11:38:41,对方/群友,[抱拳][抱拳]
[群聊],56068709061@chatroom,2025-12-24 13:43:07,对方/群友,@陈丹 下午好老师，您确认下物料
[群聊],56068709061@chatroom,2025-12-24 13:54:20,对方/群友,我这里没问题了
[群聊],56068709061@chatroom,2025-12-24 13:54:30,对方/群友,费心[抱拳]
[群聊],56068709061@chatroom,2025-12-24 13:55:31,对方/群友,@hyt 更新的议程有吗？
[群聊],56068709061@chatroom,2025-12-24 13:56:23,对方/群友,稍等
[群聊],56068709061@chatroom,2025-12-24 14:14:26,对方/群友,@hyt 稍等哈
[群聊],56068709061@chatroom,2025-12-24 14:25:27,对方/群友,@hyt 观众交流群
[群聊],56068709061@chatroom,2025-12-24 14:25:52,对方/群友,好的
[群聊],56068709061@chatroom,2025-12-24 14:29:54,对方/群友,@上海国资研究院周凯 您查收
[群聊],56068709061@chatroom,2025-12-24 14:31:25,对方/群友,收到，我们确认一下哈[抱拳]
[群聊],56068709061@chatroom,2025-12-24 14:40:50,对方/群友,@hyt 不好意思，观众群二维码要换一下。[抱拳]
[群聊],56068709061@chatroom,2025-12-24 14:41:11,对方/群友,好的
[群聊],56068709061@chatroom,2025-12-24 15:46:59,对方/群友,@上海国资研究院周凯 改好了哈
[群聊],56068709061@chatroom,2025-12-24 15:48:32,对方/群友,收到，我们确认一下哈。[抱拳]
[群聊],56068709061@chatroom,2025-12-24 17:49:50,对方/群友,@hyt 这里改为”并购助力上市公司高质量发展“
[群聊],56068709061@chatroom,2025-12-24 17:49:57,对方/群友,好的
[群聊],56068709061@chatroom,2025-12-24 17:53:23,对方/群友,@上海国资研究院周凯
[群聊],56068709061@chatroom,2025-12-24 18:01:36,对方/群友,@hyt 我们这边OK了[抱拳][玫瑰]
[群聊],56068709061@chatroom,2025-12-24 18:09:00,对方/群友,好的
[群聊],56068709061@chatroom,2025-12-26 11:20:20,对方/群友,徐老师，29号活动结束速记稿请直接发这里哈~[玫瑰] @A全国速记.翻译.同传设备.徐朝君
[群聊],56068709061@chatroom,2025-12-26 11:20:40,对方/群友,好的。
[群聊],56068709061@chatroom,2025-12-26 11:25:51,对方/群友,晚餐地点：宣怀厅 请各位同步知晓~ @上海国资研究院周凯  @陈丹  @Walton  @王锦添  @ccc  @谢璐Lesley
[群聊],56068709061@chatroom,2025-12-26 11:26:11,对方/群友,收到[抱拳]
[群聊],56068709061@chatroom,2025-12-26 11:26:18,对方/群友,收到[憨笑]
[群聊],56068709061@chatroom,2025-12-26 11:26:20,我,收到[抱拳]
[群聊],56068709061@chatroom,2025-12-26 11:26:35,对方/群友,收到
[群聊],56068709061@chatroom,2025-12-26 11:37:47,对方/群友,收到
[群聊],56068709061@chatroom,2025-12-26 12:09:36,对方/群友,串场PPT，老师们先看看，需要加照片提供给我就可以
[群聊],56068709061@chatroom,2025-12-26 12:09:50,对方/群友,@车跃 交大高金  @上海国资研究院周凯
[群聊],56068709061@chatroom,2025-12-26 12:11:46,对方/群友,本次活动上屏画面不加嘉宾照片哈 @hyt ，另外发展报告能否加上相关logo？
[群聊],56068709061@chatroom,2025-12-26 12:11:58,对方/群友,好的
[群聊],56068709061@chatroom,2025-12-26 12:20:26,对方/群友,另外，圆桌对话的内容看看是否需要往上调一点？不知道嘉宾是否会挡
[群聊],56068709061@chatroom,2025-12-26 12:32:10,对方/群友,[OK]
[群聊],56068709061@chatroom,2025-12-26 13:59:33,对方/群友,@陈丹 您请查收
[群聊],56068709061@chatroom,2025-12-26 14:00:57,对方/群友,收到[抱拳]请周总再看看是否还有调整@上海国资研究院周凯 
[群聊],56068709061@chatroom,2025-12-26 14:02:26,对方/群友,席卡名单还请尽快给到哦~
[群聊],56068709061@chatroom,2025-12-26 14:05:25,对方/群友,收到，确认后马上发
[群聊],56068709061@chatroom,2025-12-26 14:07:12,对方/群友,好的
[群聊],56068709061@chatroom,2025-12-26 14:11:47,对方/群友,@上海国资研究院周凯 改好了哈，您看看
[群聊],56068709061@chatroom,2025-12-26 14:14:29,对方/群友,👌
[群聊],57053406679@chatroom,2025-12-24 13:35:01,对方/群友," 敞开圣诞打开方式说明

🍲 19:00-20:30 敞开小火锅，欢迎你带上一道菜/火锅配菜 加入到聊天中（i 人友好

🧑‍🎄 20:30-23:00 圣诞礼物交换派对，带上你愿意分享的故事和小礼物，在敞开和对方做礼物交换，认识一个新朋友或者更多的了解一个老朋友

🍻 今日上新｜酿造方程式的社交IPA 飞地半径  圣诞款热红酒🍷@所有人 "
[群聊],57053406679@chatroom,2025-12-25 17:44:10,对方/群友,"今晚圣诞节🎄🎄🎄
敞开的【圣诞礼物交换派对】going on！🎁🎁🎁
开始时间：20:30

欢迎参与的小伙伴带上准备的小礼物，写一张和礼物相关的故事卡片，和礼物一起抽选交换，相互充当secret Santa🎅🎅🎅，分享祝福和好运。

无论是陌生还是老友，期待我们能一直在敞开收获惊喜和善意。

Merry Christmas(*^^*)"
[群聊],57053406679@chatroom,2025-12-25 20:10:48,对方/群友,"敞开酒馆🎄圣诞『卷王』大赛

游戏规则：
1.点酒即可参加
2.将盛满水的纸杯放在卷纸末端；
   卷动开端的纸筒；
   纸杯触碰到纸筒壁视作完赛；
3.计时比拼，超过现有记录，即可获赠朝日啤酒一杯🍻"
[群聊],57053406679@chatroom,2025-12-26 13:07:05,对方/群友,"今明两天，敞开AI主题活动继续。

今晚20:00，互联网资深运营、酌葡萄AI智能总监：处一，教大家如何【0️⃣代码创建自己的第一个网站】。

明天下午16:00，零差评瀚森老师的【vibecoding】实操小课堂进入NEXT LEVER，每个参加者都能手搓2个AI编程作品。🍉保熟。包会。

本周六，Photo Reason的首届中文摄影播客节活动📷全天马拉松式持续不停[恐惧]。
虽然票已售罄，但21:30活动结束后，还有【播客嘉宾们的酒馆交流】，感兴趣的小伙伴可以一起面基。

下周三跨年之夜，【一年一度跨年Party】开启🔛19:00-00:00。你可以和老朋友聚到敞开，聊点emo的，也可以随时切换没心没肺happy就完事儿啦。
届时各种酒桌小游戏统统返场，¥168即可畅饮。我们还精心准备了衍射眼镜、仙女棒烟火、室外真·柴篝火（可烤地瓜🍠）、造假·雪机（[旺柴]）……22:00后现场DJ打碟，一起蹦进2️⃣0️⃣2️⃣6️⃣"
[群聊],57384085313@chatroom,2025-12-24 20:54:33,对方/群友,祝大家圣诞节快乐～
[群聊],57384085313@chatroom,2025-12-24 21:53:10,对方/群友,好棒呀
[群聊],58354288323@chatroom,2025-12-24 17:38:13,对方/群友,"一年前，我们发布了第一篇帖子，推出了三件产品。我们从零开始，收获了 12w+ 用户；我们跑遍了大大小小的科技展会；我们收集反馈，自我迭代。

一年过去了，2025，Bonjour! 向前迈了一小步。
今天，我们带着全新的产品，重新介绍自己。

我们推出 Bonjour! V2.0 的三件产品：
一款个人说明书
一个面向 Builder 的社区
一个 AI 匹配伙伴 Bonnie

让我们一起，
期待明年的 Bonjour！

让我们一起，
BUILD 2026ᥬ^´⁠꓃⁠ ⁠`⁠ ⁠^ᩤ"
[群聊],58354288323@chatroom,2025-12-25 13:59:11,对方/群友,"本周活动精选ᥬ^´⁠꓃⁠ ⁠`⁠ ⁠^ᩤ——

12.26-12.28 BoHack天津黑客松 
12.26-12.28上海 She Code Lab Hackathon
12.27 HAMi Meetup北京站
12.27原点学堂vibe之夜
12.28 冀客松 BuilderUp"
[群聊],58354288323@chatroom,2025-12-25 16:31:41,对方/群友,"Bonjour! 好朋友 Linkloud 下个月即将在北京举办第一届全球化与 AI 峰会—— Global NEXT 2026 ！ᥬ^´⁠꓃⁠ ⁠`⁠ ⁠^ᩤ

本次峰会主题为「Think Global, Act Local」

这里有对 AI 技术与趋势理解最前沿，在全球探索和本地实践最深刻的先锋。在完整一天里，和大家来一次最真诚的对话～

Bonjour! 也有专属优惠码😎👉【bonjour】，感兴趣的Bonjourer 报名时记得填捏！

⏰：2026年1月24日
📍 北京"
[群聊],58383295513@chatroom,2025-12-24 05:11:50,对方/群友,我来了！
[群聊],58383295513@chatroom,2025-12-24 05:11:56,对方/群友,怎么才22条
[群聊],58383295513@chatroom,2025-12-24 07:54:53,对方/群友,有点少😭😭
[群聊],58383295513@chatroom,2025-12-24 07:55:10,对方/群友,正好够发一个头条hh
[群聊],58383295513@chatroom,2025-12-24 08:10:29,对方/群友,We should really get more ppl to get involved lmaooo
[群聊],58383295513@chatroom,2025-12-24 08:11:22,对方/群友,yesss
[群聊],58383295513@chatroom,2025-12-24 08:12:19,对方/群友,我们是搞一个圣诞edition公众号还是朋友圈转发一下海报
[群聊],58383295513@chatroom,2025-12-24 08:33:09,对方/群友,🆙 🆙 
[群聊],58383295513@chatroom,2025-12-24 08:33:12,对方/群友,支持⬆️
[群聊],58383295513@chatroom,2025-12-24 08:34:22,对方/群友,@所有人 
[群聊],58383295513@chatroom,2025-12-24 10:00:07,对方/群友,支持⬆️
[群聊],58383295513@chatroom,2025-12-24 12:12:54,对方/群友,yes大家有空的话可以朋友圈转发一下这个！！
[群聊],58383295513@chatroom,2025-12-24 16:38:16,对方/群友,起床干活了…
[群聊],58383295513@chatroom,2025-12-24 18:28:48,对方/群友,女鹅加油
[群聊],58383295513@chatroom,2025-12-25 23:21:12,对方/群友,圣诞节快乐幕后黑手们
[群聊],58383295513@chatroom,2025-12-25 23:21:29,对方/群友,圣诞节后我们又要开始忙碌噜 希望大家明年继续合作愉快
[群聊],58383295513@chatroom,2025-12-25 23:21:31,对方/群友,[跳跳][跳跳][跳跳][爱心][爱心][爱心]
[群聊],58383295513@chatroom,2025-12-25 23:24:06,对方/群友,yesyesyes
[私聊],a40827290,2025-12-26 10:23:50,对方/群友,有兴趣的话 可以报名一下我们这个量化小聚活动哈 第一期主题是高频，后面我还会做海外市场，AI量化为，etf轮动主题。。。。欢迎报名哈~
[私聊],a40827290,2025-12-26 10:27:28,我,[OK][抱拳]
[私聊],cheyue757767,2025-12-26 13:38:38,对方/群友,29号上午9点半到高金303哈~
[私聊],cheyue757767,2025-12-26 13:39:14,我,ok~
[私聊],liulan0715,2025-12-23 16:52:53,我,"时间：一分半
加keywords（湖南博物馆/马王堆 aigc外星人）"
[私聊],wxid_4647726477912,2025-12-25 17:08:03,对方/群友,为啥要打
[私聊],wxid_4647726477912,2025-12-25 17:08:07,对方/群友,我反正开学就不打了
[私聊],wxid_4647726477912,2025-12-25 17:08:08,我,操他妈逼的，交大校园里面找不到一辆共享单车，我操
[私聊],wxid_4647726477912,2025-12-25 17:08:12,对方/群友,共同进步
[私聊],wxid_4647726477912,2025-12-25 17:08:22,对方/群友,素质这么高
[私聊],wxid_4647726477912,2025-12-25 17:08:50,我,你进个屁的步 你进个b还不错
[私聊],wxid_4647726477912,2025-12-25 17:09:03,对方/群友,？
[私聊],wxid_4647726477912,2025-12-25 17:09:07,对方/群友,👏
[私聊],wxid_4647726477912,2025-12-25 17:10:12,对方/群友,等我一下
[私聊],wxid_4647726477912,2025-12-25 17:10:13,对方/群友,这吵
[私聊],wxid_4647726477912,2025-12-25 17:10:20,对方/群友,我找下耳机
[私聊],wxid_7l919afzfxc219,2025-12-25 11:22:20,我,湖南移动课堂
[私聊],wxid_7l919afzfxc219,2025-12-25 11:22:25,我,上海交大文创学院
[私聊],wxid_7l919afzfxc219,2025-12-25 11:25:41,我,马栏山视频文创产业园展厅
[私聊],wxid_7l919afzfxc219,2025-12-25 11:25:47,我,芒果七彩盒子、芒果未来艺术中心
[私聊],wxid_7l919afzfxc219,2025-12-25 11:27:13,我,万兴科技战略投资
[私聊],wxid_7l919afzfxc219,2025-12-25 11:28:05,我,湖南省博物馆导览
[私聊],wxid_7l919afzfxc219,2025-12-25 11:28:47,我,登上岳阳楼
[私聊],wxid_7l919afzfxc219,2025-12-25 15:09:10,我,参观中国V谷 – 马栏山视频文创产业园
[私聊],wxid_7l919afzfxc219,2025-12-25 15:09:16,我,参观芒果七彩盒子
[私聊],wxid_7l919afzfxc219,2025-12-25 15:09:21,我,参观芒果未来艺术中心
[私聊],wxid_7l919afzfxc219,2025-12-25 15:09:27,我,万兴科技参观及分享
[私聊],wxid_7l919afzfxc219,2025-12-25 15:11:43,我,湖南省博物馆参观并开展座谈交流会
[私聊],wxid_7l919afzfxc219,2025-12-25 15:13:10,我,校友企业参观：岳阳楼参观
[私聊],wxid_7l919afzfxc219,2025-12-25 16:14:12,我,“新文创”CEO企业家研修班
[私聊],wxid_8foc41eom2gz22,2025-12-23 16:18:18,我,群里那个就是原图[捂脸]
[私聊],wxid_8foc41eom2gz22,2025-12-23 16:18:26,我,清晰度太差了
[私聊],wxid_8foc41eom2gz22,2025-12-23 17:05:01,对方/群友,收到！
[私聊],wxid_8foc41eom2gz22,2025-12-24 21:34:03,对方/群友,"明天上班你空了去思源那取回18张照片，放我桌上或者给刘岚都行。

另外，我一会发给你ip招生的15张图，明天发小红书，里边有一张是实况，实况图放倒数第三张"
[私聊],wxid_8foc41eom2gz22,2025-12-24 21:36:48,对方/群友,辛苦[合十][合十][合十]
[私聊],wxid_8foc41eom2gz22,2025-12-24 21:39:34,我,好
[私聊],wxid_8foc41eom2gz22,2025-12-24 21:39:42,我,没事[憨笑]
[私聊],wxid_8foc41eom2gz22,2025-12-24 21:40:34,对方/群友,[憨笑][憨笑][憨笑]
[私聊],wxid_8foc41eom2gz22,2025-12-24 21:50:35,我,okok
[私聊],wxid_8foc41eom2gz22,2025-12-25 09:39:05,对方/群友,ok
[私聊],wxid_8foc41eom2gz22,2025-12-26 10:14:03,我,早上有啥能干的吗[嘘]
[私聊],wxid_8foc41eom2gz22,2025-12-26 10:18:38,对方/群友,我给你几个课程回顾公众号链接，你帮我从7月到12月课程回顾里，每一期摘5张图，直接发给我
[私聊],wxid_8foc41eom2gz22,2025-12-26 10:20:17,对方/群友,7月暑假没有课程，9月课程没有完整回顾先不用找，11月CEO课程没写回顾也不用找，我放金句海报链接是占地方的
[私聊],wxid_8foc41eom2gz22,2025-12-26 10:21:17,我,每个链接五张图
[私聊],wxid_8foc41eom2gz22,2025-12-26 10:21:25,我,[OK]
[私聊],wxid_8foc41eom2gz22,2025-12-26 10:22:24,对方/群友,文件夹给我就行，因为每个月CEO、IP课程是分开的
[私聊],wxid_8foc41eom2gz22,2025-12-26 10:22:34,对方/群友,这样好分类
[私聊],wxid_8foc41eom2gz22,2025-12-26 10:22:52,我,最后同一放在一个文件夹里面吗
[私聊],wxid_8foc41eom2gz22,2025-12-26 10:23:03,我,还是按照链接分开放
[私聊],wxid_8foc41eom2gz22,2025-12-26 10:23:37,对方/群友,各自分开放，最后打包给我[OK]
[私聊],wxid_8foc41eom2gz22,2025-12-26 10:34:35,我,我只看到了10月的
[私聊],wxid_8foc41eom2gz22,2025-12-26 10:34:45,我,8月和12月链接我找不到[流泪]
[私聊],wxid_8foc41eom2gz22,2025-12-26 10:36:13,对方/群友,OK
[私聊],wxid_i6wujsmuca9422,2025-12-26 07:58:24,我,Merry Christmas to yolo!
[私聊],wxid_i6wujsmuca9422,2025-12-26 07:58:51,我,虽然这里已经26 lol
[私聊],wxid_iucseslkju5g12,2025-12-23 16:52:02,对方/群友,已发
[私聊],wxid_whn5ybealkoa12,2025-12-25 14:37:23,对方/群友,Hello Hello!  KCL 数据科学 互相交流学习呀！o(^▽^)o
[私聊],wxid_whn5ybealkoa12,2025-12-25 14:41:28,我,Wayne
[私聊],wxid_whn5ybealkoa12,2025-12-25 14:42:43,对方/群友,Hello 数据科学 Quite
[私聊],wxid_whn5ybealkoa12,2025-12-25 14:42:54,我,我是Physics的
[私聊],wxid_whn5ybealkoa12,2025-12-25 14:43:06,对方/群友,好的
[私聊],wxid_whn5ybealkoa12,2025-12-25 14:43:18,对方/群友,是研究生吗
[私聊],wxid_whn5ybealkoa12,2025-12-25 14:43:24,我,大一哈
[私聊],wxid_whn5ybealkoa12,2025-12-25 14:43:35,对方/群友,好的
[私聊],wxid_whn5ybealkoa12,2025-12-25 14:43:44,对方/群友,本科大一吗
[私聊],wxid_whn5ybealkoa12,2025-12-25 14:44:02,我,嗯嗯
[私聊],wxid_whn5ybealkoa12,2025-12-25 14:44:43,对方/群友,我还以为你是研究生或者博士呢
[私聊],wxid_wl9h51z0nq9722,2025-12-24 15:45:10,我,pip install --pre torch torchvision torchaudio --index-url https://download.pytorch.org/whl/nightly/cu124
[私聊],wxid_wl9h51z0nq9722,2025-12-24 15:45:13,我,"python - << 'PY'
import torch
print(""torch:"", torch.__version__)
print(""cuda available:"", torch.cuda.is_available())
print(""gpu:"", torch.cuda.get_device_name(0))
print(""capability:"", torch.cuda.get_device_capability(0))
PY"
[私聊],wxid_wl9h51z0nq9722,2025-12-24 15:46:00,对方/群友,"(.venv) PS C:\Users\83762\Desktop\minimind\minimind\trainer> pip install --pre torch torchvision torchaudio --index-url https://download.pytorch.org/whl/nightly/cu124
Looking in indexes: https://download.pytorch.org/whl/nightly/cu124
Collecting torch
  Downloading https://download.pytorch.org/whl/nightly/cu124/torch-2.7.0.dev20250310%2Bcu124-cp311-cp311-win_amd64.whl.metadata (29 kB)
Collecting torchvision
  Downloading https://download.pytorch.org/whl/nightly/cu124/torchvision-0.22.0.dev20250226%2Bcu124-cp311-cp311-win_amd64.whl.metadata (6.3 kB)
ERROR: Could not find a version that satisfies the requirement torchaudio (from versions: none)
ERROR: No matching distribution found for torchaudio"
[私聊],wxid_wl9h51z0nq9722,2025-12-24 15:47:13,我,pip install --pre torch torchvision --index-url https://download.pytorch.org/whl/nightly/cu124
[私聊],wxid_wl9h51z0nq9722,2025-12-24 15:47:38,对方/群友,"(.venv) PS C:\Users\83762\Desktop\minimind\minimind\trainer> pip install --pre torch torchvision --index-url https://download.pytorch.org/whl/nightly/cu124
Looking in indexes: https://download.pytorch.org/whl/nightly/cu124
Collecting torch
  Using cached https://download.pytorch.org/whl/nightly/cu124/torch-2.7.0.dev20250310%2Bcu124-cp311-cp311-win_amd64.whl.metadata (29 kB)
Collecting torchvision
  Using cached https://download.pytorch.org/whl/nightly/cu124/torchvision-0.22.0.dev20250226%2Bcu124-cp311-cp311-win_amd64.whl.metadata (6.3 kB)
Requirement already satisfied: filelock in c:\users\83762\desktop\minimind\minimind\.venv\lib\site-packages (from torch) (3.20.1)
Requirement already satisfied: typing-extensions>=4.10.0 in c:\users\83762\desktop\minimind\minimind\.venv\lib\site-packages (from torch) (4.15.0)
Collecting sympy>=1.13.3 (from torch)
  Downloading sympy-1.14.0-py3-none-any.whl.metadata (12 kB)
Requirement already satisfied: networkx in c:\users\83762\desktop\minimind\minimind\.venv\lib\site-packages (from torch) (3.6.1)
Requirement already satisfied: jinja2 in c:\users\83762\desktop\minimind\minimind\.venv\lib\site-packages (from torch) (3.1.2)
Requirement already satisfied: fsspec in c:\users\83762\desktop\minimind\minimind\.venv\lib\site-packages (from torch) (2025.3.0)
Requirement already satisfied: numpy in c:\users\83762\desktop\minimind\minimind\.venv\lib\site-packages (from torchvision) (1.26.4)
INFO: pip is looking at multiple versions of torchvision to determine which version is compatible with other requirements. This could take a while.
ERROR: Cannot install torch and torchvision==0.22.0.dev20250226+cu124 because these package versions have conflicting dependencies.

The conflict is caused by:
    The user requested torch
    torchvision 0.22.0.dev20250226+cu124 depends on torch==2.7.0.dev20250225+cu124

Additionally, some packages in these conflicts have no matching distributions available for your environment:
    torch

To fix this you could try to:
1. loosen the range of package versions you've specified
2. remove package versions to allow pip to attempt to solve the dependency conflict

ERROR: ResolutionImpossible: for help visit https://pip.pypa.io/en/latest/topics/dependency-resolution/#dealing-with-dependency-conflicts"
[私聊],wxid_wl9h51z0nq9722,2025-12-24 15:55:23,我,"python - << 'PY'
import torch
print(torch.__version__)
print(torch.cuda.is_available())
print(torch.cuda.get_device_name(0))
PY"
[私聊],wxid_wl9h51z0nq9722,2025-12-24 16:18:15,我,".\.venv\Scripts\Deactivate.ps1 2>$null
.\.venv\Scripts\Activate.ps1"
[私聊],wxid_wl9h51z0nq9722,2025-12-24 16:18:18,我,".\.venv\Scripts\python.exe --version
.\.venv\Scripts\python.exe -c ""import sys; print(sys.executable)"""
[私聊],wxid_wl9h51z0nq9722,2025-12-24 16:19:43,我,".\.venv\Scripts\python.exe -m pip install --upgrade pip
.\.venv\Scripts\python.exe -m pip install --pre torch --index-url https://download.pytorch.org/whl/nightly/cu124"
[私聊],wxid_wl9h51z0nq9722,2025-12-24 18:11:36,对方/群友,"(.venv) PS C:\Users\83762\Desktop\minimind\minimind> 
(.venv) PS C:\Users\83762\Desktop\minimind\minimind> .\.venv\Scripts\python.exe --version
Python 3.11.9
(.venv) PS C:\Users\83762\Desktop\minimind\minimind> .\.venv\Scripts\python.exe -c ""import sys; print(sys.executable)""
C:\Users\83762\Desktop\minimind\minimind\.venv\Scripts\python.exe
(.venv) PS C:\Users\83762\Desktop\minimind\minimind> .\.venv\Scripts\python.exe -m pip install --upgrade pip
Requirement already satisfied: pip in c:\users\83762\desktop\minimind\minimind\.venv\lib\site-packages (25.3)
(.venv) PS C:\Users\83762\Desktop\minimind\minimind> .\.venv\Scripts\python.exe -m pip install --pre torch --index-url https://download.pytorch.org/whl/nightly/cu124
Looking in indexes: https://download.pytorch.org/whl/nightly/cu124
Collecting torch
  Using cached https://download.pytorch.org/whl/nightly/cu124/torch-2.7.0.dev20250310%2Bcu124-cp311-cp311-win_amd64.whl.metadata (29 kB)
Requirement already satisfied: filelock in c:\users\83762\desktop\minimind\minimind\.venv\lib\site-packages (from torch) (3.20.1)
Requirement already satisfied: typing-extensions>=4.10.0 in c:\users\83762\desktop\minimind\minimind\.venv\lib\site-packages (from torch) (4.15.0)
Collecting sympy>=1.13.3 (from torch)
  Using cached sympy-1.14.0-py3-none-any.whl.metadata (12 kB)
Requirement already satisfied: networkx in c:\users\83762\desktop\minimind\minimind\.venv\lib\site-packages (from torch) (3.6.1)
Requirement already satisfied: jinja2 in c:\users\83762\desktop\minimind\minimind\.venv\lib\site-packages (from torch) (3.1.2)
Requirement already satisfied: fsspec in c:\users\83762\desktop\minimind\minimind\.venv\lib\site-packages (from torch) (2025.3.0)
Requirement already satisfied: mpmath<1.4,>=1.1.0 in c:\users\83762\desktop\minimind\minimind\.venv\lib\site-packages (from sympy>=1.13.3->torch) (1.3.0)
Requirement already satisfied: MarkupSafe>=2.0 in c:\users\83762\desktop\minimind\minimind\.venv\lib\site-packages (from jinja2->torch) (3.0.3)
Downloading https://download.pytorch.org/whl/nightly/cu124/torch-2.7.0.dev20250310%2Bcu124-cp311-cp311-win_amd64.whl (2657.0 MB)
   ━━━━━━━━━━━━━━━━━━━━╺━━━━━━━━━━━━━━━━━━━ 1.4/2.7 GB 6.6 MB/s eta 0:03:18
WARNING: Connection timed out while downloading.
WARNING: Attempting to resume incomplete download (1357.4 MB/2657.0 MB, attempt 1)
Resuming download https://download.pytorch.org/whl/nightly/cu124/torch-2.7.0.dev20250310%2Bcu124-cp311-cp311-win_amd64.whl (1357.4 MB/2657.0 MB)
   ━━━━━━━━━━━━━━━━━━━━━━━━━━━━━━━━━━━━━━━━ 2.7/2.7 GB 7.5 MB/s  0:02:54
Downloading sympy-1.14.0-py3-none-any.whl (6.3 MB)
   ━━━━━━━━━━━━━━━━━━━━━━━━━━━━━━━━━━━━━━━━ 6.3/6.3 MB 476.4 kB/s  0:00:13
Installing collected packages: sympy, torch
  Attempting uninstall: sympy
    Found existing installation: sympy 1.13.1
    Uninstalling sympy-1.13.1:
      Successfully uninstalled sympy-1.13.1
Successfully installed sympy-1.14.0 torch-2.7.0.dev20250310+cu124                                                           
(.venv) PS C:\Users\83762\Desktop\minimind\minimind> cd .\trainer\                                                          
(.venv) PS C:\Users\83762\Desktop\minimind\minimind\trainer> python train_full_sft.py   --device cuda   --dtype fp16   --num_workers 4   --from_weight pretrain   --batch_size 8   --accumulation_steps 2   --max_seq_len 128   --save_interval 200   --log_interval 20
C:\Users\83762\Desktop\minimind\minimind\.venv\Lib\site-packages\torch\cuda\__init__.py:61: FutureWarning: The pynvml package is deprecated. Please install nvidia-ml-py instead. If you did not install pynvml directly, please report this to the maintainers of the package that installed pynvml for you.
  import pynvml  # type: ignore[import]
所加载Model可训练参数：25.830 百万
C:\Users\83762\Desktop\minimind\minimind\.venv\Lib\site-packages\torch\cuda\__init__.py:61: FutureWarning: The pynvml package is deprecated. Please install nvidia-ml-py instead. If you did not install pynvml directly, please report this to the maintainers of the package that installed pynvml for you.
  import pynvml  # type: ignore[import]
C:\Users\83762\Desktop\minimind\minimind\.venv\Lib\site-packages\torch\cuda\__init__.py:61: FutureWarning: The pynvml package is deprecated. Please install nvidia-ml-py instead. If you did not install pynvml directly, please report this to the maintainers of the package that installed pynvml for you.
  import pynvml  # type: ignore[import]
C:\Users\83762\Desktop\minimind\minimind\.venv\Lib\site-packages\torch\cuda\__init__.py:61: FutureWarning: The pynvml package is deprecated. Please install nvidia-ml-py instead. If you did not install pynvml directly, please report this to the maintainers of the package that installed pynvml for you.
  import pynvml  # type: ignore[import]
C:\Users\83762\Desktop\minimind\minimind\.venv\Lib\site-packages\torch\cuda\__init__.py:61: FutureWarning: The pynvml package is deprecated. Please install nvidia-ml-py instead. If you did not install pynvml directly, please report this to the maintainers of the package that installed pynvml for you.
  import pynvml  # type: ignore[import]
Traceback (most recent call last):
  File ""C:\Users\83762\Desktop\minimind\minimind\trainer\train_full_sft.py"", line 165, in <module>
    train_epoch(epoch, loader, len(loader), 0, wandb)
  File ""C:\Users\83762\Desktop\minimind\minimind\trainer\train_full_sft.py"", line 35, in train_epoch
    res = model(X)
          ^^^^^^^^
  File ""C:\Users\83762\Desktop\minimind\minimind\.venv\Lib\site-packages\torch\nn\modules\module.py"", line 1751, in _wrapped_call_impl
    return self._call_impl(*args, **kwargs)
           ^^^^^^^^^^^^^^^^^^^^^^^^^^^^^^^^
  File ""C:\Users\83762\Desktop\minimind\minimind\.venv\Lib\site-packages\torch\nn\modules\module.py"", line 1762, in _call_impl
    return forward_call(*args, **kwargs)
           ^^^^^^^^^^^^^^^^^^^^^^^^^^^^^
  File ""C:\Users\83762\Desktop\minimind\minimind\model\model_minimind.py"", line 470, in forward
    hidden_states, past_key_values, aux_loss = self.model(
                                               ^^^^^^^^^^^
  File ""C:\Users\83762\Desktop\minimind\minimind\.venv\Lib\site-packages\torch\nn\modules\module.py"", line 1751, in _wrapped_call_impl
    return self._call_impl(*args, **kwargs)
           ^^^^^^^^^^^^^^^^^^^^^^^^^^^^^^^^
  File ""C:\Users\83762\Desktop\minimind\minimind\.venv\Lib\site-packages\torch\nn\modules\module.py"", line 1762, in _call_impl
    return forward_call(*args, **kwargs)
           ^^^^^^^^^^^^^^^^^^^^^^^^^^^^^
  File ""C:\Users\83762\Desktop\minimind\minimind\model\model_minimind.py"", line 424, in forward
    hidden_states = self.dropout(self.embed_tokens(input_ids))
                                 ^^^^^^^^^^^^^^^^^^^^^^^^^^^^
  File ""C:\Users\83762\Desktop\minimind\minimind\.venv\Lib\site-packages\torch\nn\modules\module.py"", line 1751, in _wrapped_call_impl
    return self._call_impl(*args, **kwargs)
           ^^^^^^^^^^^^^^^^^^^^^^^^^^^^^^^^
  File ""C:\Users\83762\Desktop\minimind\minimind\.venv\Lib\site-packages\torch\nn\modules\module.py"", line 1762, in _call_impl
    return forward_call(*args, **kwargs)
           ^^^^^^^^^^^^^^^^^^^^^^^^^^^^^
  File ""C:\Users\83762\Desktop\minimind\minimind\.venv\Lib\site-packages\torch\nn\modules\sparse.py"", line 190, in forward  
    return F.embedding(
           ^^^^^^^^^^^^
  File ""C:\Users\83762\Desktop\minimind\minimind\.venv\Lib\site-packages\torch\nn\functional.py"", line 2551, in embedding   
    return torch.embedding(weight, input, padding_idx, scale_grad_by_freq, sparse)
           ^^^^^^^^^^^^^^^^^^^^^^^^^^^^^^^^^^^^^^^^^^^^^^^^^^^^^^^^^^^^^^^^^^^^^^^
RuntimeError: CUDA error: no kernel image is available for execution on the device
CUDA kernel errors might be asynchronously reported at some other API call, so the stacktrace below might be incorrect.     
For debugging consider passing CUDA_LAUNCH_BLOCKING=1
Compile with `TORCH_USE_CUDA_DSA` to enable device-side assertions.

(.venv) PS C:\Users\83762\Desktop\minimind\minimind\trainer>"
[私聊],wxid_wmoqdzvjmal922,2025-12-25 00:11:07,对方/群友,"Merry Christmas, JTST "
[私聊],wxid_xhnkjasbu2qp21,2025-12-25 16:40:02,对方/群友,Armin
[私聊],wxid_xhnkjasbu2qp21,2025-12-25 16:44:56,我,王锦添Wayne
[私聊],wxid_zm9v7kkw0z9a12,2025-12-24 12:39:53,对方/群友,大虚
[私聊],wxid_zm9v7kkw0z9a12,2025-12-24 12:39:55,对方/群友,这提交的不对啊
[私聊],wxid_zm9v7kkw0z9a12,2025-12-24 12:39:59,对方/群友,没填邮箱呢
[私聊],wxid_zm9v7kkw0z9a12,2025-12-24 12:40:03,对方/群友,[发呆]
[私聊],wxid_zm9v7kkw0z9a12,2025-12-24 12:40:45,我,？
[私聊],wxid_zm9v7kkw0z9a12,2025-12-24 12:41:17,我,等一下，你填邮箱了吗？
[私聊],wxid_zm9v7kkw0z9a12,2025-12-24 12:41:29,我,他应该是最后抽奖填邮箱的，但是理论上来说，在中国参与不到抽奖，所以你填不填都一样
[私聊],wxid_zm9v7kkw0z9a12,2025-12-24 12:42:40,对方/群友,我没填邮箱啊，但是这东西他给我投到哪去了？
[私聊],wxid_zm9v7kkw0z9a12,2025-12-24 12:42:48,我,我帮你查一下，你稍等
[私聊],wxid_zm9v7kkw0z9a12,2025-12-24 12:42:50,对方/群友,我靠，能不能给我撤回了？
[私聊],wxid_zm9v7kkw0z9a12,2025-12-24 12:43:31,我,你写的啥你还记得吗？
[私聊],wxid_zm9v7kkw0z9a12,2025-12-24 12:43:40,对方/群友,完蛋了，上面没说清楚
[私聊],wxid_zm9v7kkw0z9a12,2025-12-24 12:43:46,对方/群友,我写的sihuan shi
[私聊],wxid_zm9v7kkw0z9a12,2025-12-24 12:43:48,对方/群友,给他写的
[私聊],wxid_zm9v7kkw0z9a12,2025-12-24 12:44:04,我,没事儿小问题，我一句话的事情
[私聊],wxid_zm9v7kkw0z9a12,2025-12-24 12:44:16,我,就是这个公开方式，是通过公众号的形式公开的，是公开在牛津大学中国学生会的公众号上面
[私聊],wxid_zm9v7kkw0z9a12,2025-12-24 12:44:27,我,然后公众号是我负责写的，所以你懂的😏
[私聊],wxid_zm9v7kkw0z9a12,2025-12-24 12:57:43,对方/群友,打错了
[私聊],wxid_zm9v7kkw0z9a12,2025-12-25 00:00:04,对方/群友,大虚圣诞快乐！！还是非常感谢你哈哈哈哈哈太靠谱了，牛津学长还是太有实力了🫡
[私聊],wxid_zm9v7kkw0z9a12,2025-12-25 00:00:43,我,wmq上号了？
[私聊],wxid_zm9v7kkw0z9a12,2025-12-25 00:09:33,对方/群友,没有
[私聊],wxid_zm9v7kkw0z9a12,2025-12-25 00:09:40,对方/群友,这是我手搓的！
[私聊],wxid_zm9v7kkw0z9a12,2025-12-25 07:39:34,我,阔以！
[私聊],wxid_zm9v7kkw0z9a12,2025-12-25 07:39:45,我,圣诞快乐🧑‍🎄🥳
[私聊],wxid_zm9v7kkw0z9a12,2025-12-25 08:41:06,对方/群友,哈哈哈哈哈
[私聊],wxid_zm9v7kkw0z9a12,2025-12-26 06:23:41,对方/群友,大虚
[私聊],wxid_zm9v7kkw0z9a12,2025-12-26 06:23:46,对方/群友,问你个问题
[私聊],wxid_zm9v7kkw0z9a12,2025-12-26 06:23:58,对方/群友,nano板可以直接连接电热丝嘛
[私聊],wxid_zm9v7kkw0z9a12,2025-12-26 07:59:52,我,看功率吧
[私聊],wxid_zm9v7kkw0z9a12,2025-12-26 08:00:47,我,直接链接不太行
[私聊],wxid_zm9v7kkw0z9a12,2025-12-26 08:00:53,我,做控制可以
[私聊],wxid_zm9v7kkw0z9a12,2025-12-26 10:26:30,对方/群友,嗯嗯
[私聊],wxid_zm9v7kkw0z9a12,2025-12-26 10:26:40,对方/群友,谢谢
[私聊],wxid_zy01sbvqsaaa12,2025-12-25 20:05:37,对方/群友,我通过了你的朋友验证请求，现在我们可以开始聊天了
